{"cameraMode":{"drawMode":0,"name":"Shaded","section":"Shading Mode"},"sceneLighting":false,"audioPlay":false,"sceneViewState":{"showFog":true,"showMaterialUpdate":false,"showSkybox":false,"showFlares":true,"showImageEffects":true,"showParticleSystems":true},"in2DMode":false,"pivot":{"x":0.01800481602549553,"y":1.2438409328460694,"z":-0.5114352703094482},"rotation":{"x":-0.00882032047957182,"y":-0.9448466300964356,"z":0.02551569975912571,"w":-0.3264908790588379},"size":3.542747974395752,"orthographic":false}