{"cameraMode":{"drawMode":0,"name":"Shaded","section":"Shading Mode"},"sceneLighting":false,"audioPlay":false,"sceneViewState":{"showFog":true,"showMaterialUpdate":false,"showSkybox":false,"showFlares":true,"showImageEffects":true,"showParticleSystems":true},"in2DMode":false,"pivot":{"x":-29.646827697753908,"y":-0.5250205993652344,"z":-16.94720458984375},"rotation":{"x":0.023168521001935006,"y":-0.9033156633377075,"z":0.04875596985220909,"w":0.42590343952178957},"size":101.35665130615235,"orthographic":false}