{"cameraMode":{"drawMode":0,"name":"Shaded","section":"Shading Mode"},"sceneLighting":false,"audioPlay":false,"sceneViewState":{"showFog":true,"showMaterialUpdate":false,"showSkybox":false,"showFlares":true,"showImageEffects":true,"showParticleSystems":true},"in2DMode":false,"pivot":{"x":-0.07658912986516953,"y":1.4067736864089966,"z":6.311273574829102},"rotation":{"x":-0.006450135260820389,"y":0.8430020809173584,"z":-0.010118642821907997,"w":-0.5378301739692688},"size":17.91507911682129,"orthographic":false}