{"cameraMode":{"drawMode":0,"name":"Shaded","section":"Shading Mode"},"sceneLighting":false,"audioPlay":false,"sceneViewState":{"showFog":true,"showMaterialUpdate":false,"showSkybox":false,"showFlares":true,"showImageEffects":true,"showParticleSystems":true},"in2DMode":false,"pivot":{"x":0.11472702026367188,"y":-2.3768749237060549,"z":-0.3708547353744507},"rotation":{"x":-0.08306629210710526,"y":0.633542001247406,"z":-0.06869720667600632,"w":-0.7662007212638855},"size":8.929010391235352,"orthographic":false}