{"cameraMode":{"drawMode":0,"name":"Shaded","section":"Shading Mode"},"sceneLighting":false,"audioPlay":false,"sceneViewState":{"showFog":true,"showMaterialUpdate":false,"showSkybox":false,"showFlares":true,"showImageEffects":true,"showParticleSystems":true},"in2DMode":false,"pivot":{"x":-0.38507986068725588,"y":1.6534265279769898,"z":-0.7329034805297852},"rotation":{"x":0.019472137093544008,"y":0.05337384715676308,"z":0.0010359784355387092,"w":-0.9984140992164612},"size":3.542747974395752,"orthographic":false}